question,answer
hi or hello,Hi! How can I assist you with Superior University admissions?
what programs are offered,"Superior University offers BS, MS, and PhD programs in CS, IT, Business, Engineering, Media, and Social Sciences."
how can I apply,You can apply through the official website under the Admissions section.
what is the last date for admission,"Deadlines vary by semester. Fall admissions usually close in August, Spring admissions around February."
what are the admission requirements for BS,You need at least 45% marks in Intermediate or equivalent.
what are the admission requirements for MS,You need a relevant BS degree with around 2.0 CGPA or above.
does superior offer scholarships,"Yes, Superior offers merit-based, need-based, and sports scholarships."
where is superior university located,"Superior University is located at 17 KM Raiwind Road, Lahore, Pakistan."
what is the admission office contact number,You can call the Admissions Office at (042) 38103777.
what is the email for admission queries,You can email your questions to info@superior.edu.pk.
does superior provide hostel,"Yes, separate hostels are available for male and female students."
does superior have an admission test,Some programs require an entry test or interview. The university will notify you after applying.
are online classes available,"Yes, some programs offer online and blended learning options."
what is the fee structure,Fee structure varies by program. Please check the official website’s Fee section.
how long is a BS program,BS programs typically take 4 years to complete.
how long is an MS program,MS programs usually take 1.5 to 2 years.
what documents are needed for admission,"You generally need your CNIC/B-Form, result card, pictures, and paid challan form."
how can I get a scholarship,"Scholarship eligibility is based on merit, need, or sports category."
what are the visiting hours of admission office,"The office is open Monday–Friday, 9 AM to 5 PM."
does superior offer transportation,"Yes, transportation facilities are available on multiple routes."
